id,kind,target,arg1,arg2,expected
Q0001,QUOTE,STD,2026-01-02,2026-01-03,nights=1;total=115.80
Q0002,QUOTE,DLX,2026-01-05,2026-01-07,nights=2;total=328.60
Q0003,QUOTE,SUI,2026-01-08,2026-01-11,nights=3;total=821.40
Q0004,QUOTE,STD,2026-01-11,2026-01-15,nights=4;total=418.20
Q0005,QUOTE,DLX,2026-01-14,2026-01-19,nights=5;total=799.00
Q0006,QUOTE,SUI,2026-01-17,2026-01-23,nights=6;total=1627.80
Q0007,QUOTE,STD,2026-01-20,2026-01-27,nights=7;total=720.60
Q0008,QUOTE,DLX,2026-01-23,2026-02-01,nights=9;total=1426.20
Q0009,QUOTE,SUI,2026-01-26,2026-02-06,nights=11;total=2971.80
Q0010,QUOTE,STD,2026-01-29,2026-02-12,nights=14;total=1426.20
Q0011,QUOTE,DLX,2026-02-01,2026-02-02,nights=1;total=171.80
Q0012,QUOTE,SUI,2026-02-04,2026-02-06,nights=2;total=552.60
Q0013,QUOTE,STD,2026-02-07,2026-02-10,nights=3;total=317.40
Q0014,QUOTE,DLX,2026-02-10,2026-02-14,nights=4;total=642.20
Q0015,QUOTE,SUI,2026-02-13,2026-02-18,nights=5;total=1359.00
Q0016,QUOTE,STD,2026-02-16,2026-02-22,nights=6;total=619.80
Q0017,QUOTE,DLX,2026-02-19,2026-02-26,nights=7;total=1112.60
Q0018,QUOTE,SUI,2026-02-22,2026-03-03,nights=9;total=2434.20
Q0019,QUOTE,STD,2026-02-25,2026-03-08,nights=11;total=1123.80
Q0020,QUOTE,DLX,2026-02-28,2026-03-14,nights=14;total=2210.20
Q0021,QUOTE,SUI,2026-03-03,2026-03-04,nights=1;total=283.80
Q0022,QUOTE,STD,2026-03-06,2026-03-08,nights=2;total=216.60
Q0023,QUOTE,DLX,2026-03-09,2026-03-12,nights=3;total=485.40
Q0024,QUOTE,SUI,2026-03-12,2026-03-16,nights=4;total=1090.20
Q0025,QUOTE,STD,2026-03-15,2026-03-20,nights=5;total=519.00
Q0026,QUOTE,DLX,2026-03-18,2026-03-24,nights=6;total=955.80
Q0027,QUOTE,SUI,2026-03-21,2026-03-28,nights=7;total=1896.60
Q0028,QUOTE,STD,2026-03-24,2026-04-02,nights=9;total=922.20
Q0029,QUOTE,DLX,2026-03-27,2026-04-07,nights=11;total=1739.80
Q0030,QUOTE,SUI,2026-03-30,2026-04-13,nights=14;total=3778.20
Q0031,QUOTE,STD,2026-04-02,2026-04-03,nights=1;total=115.80
Q0032,QUOTE,DLX,2026-04-05,2026-04-07,nights=2;total=328.60
Q0033,QUOTE,SUI,2026-04-08,2026-04-11,nights=3;total=821.40
Q0034,QUOTE,STD,2026-04-11,2026-04-15,nights=4;total=418.20
Q0035,QUOTE,DLX,2026-04-14,2026-04-19,nights=5;total=799.00
Q0036,QUOTE,SUI,2026-04-17,2026-04-23,nights=6;total=1627.80
Q0037,QUOTE,STD,2026-04-20,2026-04-27,nights=7;total=720.60
Q0038,QUOTE,DLX,2026-04-23,2026-05-02,nights=9;total=1426.20
Q0039,QUOTE,SUI,2026-04-26,2026-05-07,nights=11;total=2971.80
Q0040,QUOTE,STD,2026-04-29,2026-05-13,nights=14;total=1426.20
Q0041,QUOTE,DLX,2026-05-02,2026-05-03,nights=1;total=171.80
Q0042,QUOTE,SUI,2026-05-05,2026-05-07,nights=2;total=552.60
Q0043,QUOTE,STD,2026-05-08,2026-05-11,nights=3;total=317.40
Q0044,QUOTE,DLX,2026-05-11,2026-05-15,nights=4;total=642.20
Q0045,QUOTE,SUI,2026-05-14,2026-05-19,nights=5;total=1359.00
Q0046,QUOTE,STD,2026-05-17,2026-05-23,nights=6;total=619.80
Q0047,QUOTE,DLX,2026-05-20,2026-05-27,nights=7;total=1112.60
Q0048,QUOTE,SUI,2026-05-23,2026-06-01,nights=9;total=2434.20
Q0049,QUOTE,STD,2026-05-26,2026-06-06,nights=11;total=1431.80
Q0050,QUOTE,DLX,2026-05-29,2026-06-12,nights=14;total=3072.60
Q0051,QUOTE,SUI,2026-06-01,2026-06-02,nights=1;total=418.20
Q0052,QUOTE,STD,2026-06-04,2026-06-06,nights=2;total=339.80
Q0053,QUOTE,DLX,2026-06-07,2026-06-10,nights=3;total=720.60
Q0054,QUOTE,SUI,2026-06-10,2026-06-14,nights=4;total=1627.80
Q0055,QUOTE,STD,2026-06-13,2026-06-18,nights=5;total=827.00
Q0056,QUOTE,DLX,2026-06-16,2026-06-22,nights=6;total=1426.20
Q0057,QUOTE,SUI,2026-06-19,2026-06-26,nights=7;total=2837.40
Q0058,QUOTE,STD,2026-06-22,2026-07-01,nights=9;total=1476.60
Q0059,QUOTE,DLX,2026-06-25,2026-07-06,nights=11;total=2602.20
Q0060,QUOTE,SUI,2026-06-28,2026-07-12,nights=14;total=5659.80
Q0061,QUOTE,STD,2026-07-01,2026-07-02,nights=1;total=177.40
Q0062,QUOTE,DLX,2026-07-04,2026-07-06,nights=2;total=485.40
Q0063,QUOTE,SUI,2026-07-07,2026-07-10,nights=3;total=1224.60
Q0064,QUOTE,STD,2026-07-10,2026-07-14,nights=4;total=664.60
Q0065,QUOTE,DLX,2026-07-13,2026-07-18,nights=5;total=1191.00
Q0066,QUOTE,SUI,2026-07-16,2026-07-22,nights=6;total=2434.20
Q0067,QUOTE,STD,2026-07-19,2026-07-26,nights=7;total=1151.80
Q0068,QUOTE,DLX,2026-07-22,2026-07-31,nights=9;total=2131.80
Q0069,QUOTE,SUI,2026-07-25,2026-08-05,nights=11;total=4450.20
Q0070,QUOTE,STD,2026-07-28,2026-08-11,nights=14;total=2288.60
Q0071,QUOTE,DLX,2026-07-31,2026-08-01,nights=1;total=250.20
Q0072,QUOTE,SUI,2026-08-03,2026-08-05,nights=2;total=821.40
Q0073,QUOTE,STD,2026-08-06,2026-08-09,nights=3;total=502.20
Q0074,QUOTE,DLX,2026-08-09,2026-08-13,nights=4;total=955.80
Q0075,QUOTE,SUI,2026-08-12,2026-08-17,nights=5;total=2031.00
Q0076,QUOTE,STD,2026-08-15,2026-08-21,nights=6;total=989.40
Q0077,QUOTE,DLX,2026-08-18,2026-08-25,nights=7;total=1661.40
Q0078,QUOTE,SUI,2026-08-21,2026-08-30,nights=9;total=3643.80
Q0079,QUOTE,STD,2026-08-24,2026-09-04,nights=11;total=1952.60
Q0080,QUOTE,DLX,2026-08-27,2026-09-10,nights=14;total=3795.00
Q0081,QUOTE,SUI,2026-08-30,2026-08-31,nights=1;total=418.20
Q0082,QUOTE,STD,2026-09-02,2026-09-04,nights=2;total=440.60
Q0083,QUOTE,DLX,2026-09-05,2026-09-08,nights=3;total=972.60
Q0084,QUOTE,SUI,2026-09-08,2026-09-12,nights=4;total=1269.40
Q0085,QUOTE,STD,2026-09-11,2026-09-16,nights=5;total=631.00
Q0086,QUOTE,DLX,2026-09-14,2026-09-20,nights=6;total=1123.80
Q0087,QUOTE,SUI,2026-09-17,2026-09-24,nights=7;total=2210.20
Q0088,QUOTE,STD,2026-09-20,2026-09-29,nights=9;total=1123.80
Q0089,QUOTE,DLX,2026-09-23,2026-10-04,nights=11;total=2047.80
Q0090,QUOTE,SUI,2026-09-26,2026-10-10,nights=14;total=4405.40
Q0091,QUOTE,STD,2026-09-29,2026-09-30,nights=1;total=138.20
Q0092,QUOTE,DLX,2026-10-02,2026-10-04,nights=2;total=384.60
Q0093,QUOTE,SUI,2026-10-05,2026-10-08,nights=3;total=955.80
Q0094,QUOTE,STD,2026-10-08,2026-10-12,nights=4;total=507.80
Q0095,QUOTE,DLX,2026-10-11,2026-10-16,nights=5;total=939.00
Q0096,QUOTE,SUI,2026-10-14,2026-10-20,nights=6;total=1896.60
Q0097,QUOTE,STD,2026-10-17,2026-10-24,nights=7;total=877.40
Q0098,QUOTE,DLX,2026-10-20,2026-10-29,nights=9;total=1678.20
Q0099,QUOTE,SUI,2026-10-23,2026-11-03,nights=11;total=3464.60
Q0100,QUOTE,STD,2026-10-26,2026-11-09,nights=14;total=1739.80
Q0101,QUOTE,DLX,2026-10-29,2026-10-30,nights=1;total=199.80
Q0102,QUOTE,SUI,2026-11-01,2026-11-03,nights=2;total=642.20
Q0103,QUOTE,STD,2026-11-04,2026-11-07,nights=3;total=384.60
Q0104,QUOTE,DLX,2026-11-07,2026-11-11,nights=4;total=754.20
Q0105,QUOTE,SUI,2026-11-10,2026-11-15,nights=5;total=1583.00
Q0106,QUOTE,STD,2026-11-13,2026-11-19,nights=6;total=754.20
Q0107,QUOTE,DLX,2026-11-16,2026-11-23,nights=7;total=1308.60
Q0108,QUOTE,SUI,2026-11-19,2026-11-28,nights=9;total=2837.40
Q0109,QUOTE,DLX,2026-02-11,2026-02-13,nights=2;total=328.60
Q0110,QUOTE,SUI,2026-02-16,2026-02-24,nights=8;total=2165.40
Q0111,QUOTE,STD,2026-02-21,2026-03-06,nights=13;total=1325.40
Q0112,QUOTE,DLX,2026-02-26,2026-03-19,nights=21;total=3307.80
Q0113,QUOTE,SUI,2026-03-03,2026-03-05,nights=2;total=552.60
Q0114,QUOTE,STD,2026-03-08,2026-03-16,nights=8;total=821.40
Q0115,QUOTE,DLX,2026-03-13,2026-03-26,nights=13;total=2053.40
Q0116,QUOTE,SUI,2026-03-18,2026-04-08,nights=21;total=5659.80
Q0117,QUOTE,STD,2026-03-23,2026-03-25,nights=2;total=216.60
Q0118,QUOTE,DLX,2026-03-28,2026-04-05,nights=8;total=1269.40
Q0119,QUOTE,SUI,2026-04-02,2026-04-15,nights=13;total=3509.40
Q0120,QUOTE,STD,2026-04-07,2026-04-28,nights=21;total=2131.80
Q0121,QUOTE,DLX,2026-04-12,2026-04-14,nights=2;total=328.60
Q0122,QUOTE,SUI,2026-04-17,2026-04-25,nights=8;total=2165.40
Q0123,QUOTE,STD,2026-04-22,2026-05-05,nights=13;total=1325.40
Q0124,QUOTE,DLX,2026-04-27,2026-05-18,nights=21;total=3307.80
Q0125,QUOTE,SUI,2026-05-02,2026-05-04,nights=2;total=552.60
Q0126,QUOTE,STD,2026-05-07,2026-05-15,nights=8;total=821.40
Q0127,QUOTE,DLX,2026-05-12,2026-05-25,nights=13;total=2053.40
Q0128,QUOTE,SUI,2026-05-17,2026-06-07,nights=21;total=6466.20
Q0129,QUOTE,STD,2026-05-22,2026-05-24,nights=2;total=216.60
Q0130,QUOTE,DLX,2026-05-27,2026-06-04,nights=8;total=1504.60
Q0131,QUOTE,SUI,2026-06-01,2026-06-14,nights=13;total=5256.60
Q0132,QUOTE,STD,2026-06-06,2026-06-27,nights=21;total=3425.40
Q0133,QUOTE,DLX,2026-06-11,2026-06-13,nights=2;total=485.40
Q0134,QUOTE,SUI,2026-06-16,2026-06-24,nights=8;total=3240.60
Q0135,QUOTE,STD,2026-06-21,2026-07-04,nights=13;total=2126.20
Q0136,QUOTE,DLX,2026-06-26,2026-07-17,nights=21;total=4954.20
Q0137,QUOTE,SUI,2026-07-01,2026-07-03,nights=2;total=821.40
Q0138,QUOTE,STD,2026-07-06,2026-07-14,nights=8;total=1314.20
Q0139,QUOTE,DLX,2026-07-11,2026-07-24,nights=13;total=3072.60
Q0140,QUOTE,SUI,2026-07-16,2026-08-06,nights=21;total=8482.20
Q0141,QUOTE,STD,2026-07-21,2026-07-23,nights=2;total=339.80
Q0142,QUOTE,DLX,2026-07-26,2026-08-03,nights=8;total=1896.60
Q0143,QUOTE,SUI,2026-07-31,2026-08-13,nights=13;total=5256.60
Q0144,QUOTE,STD,2026-08-05,2026-08-26,nights=21;total=3425.40
Q0145,QUOTE,DLX,2026-08-10,2026-08-12,nights=2;total=485.40
Q0146,QUOTE,SUI,2026-08-15,2026-08-23,nights=8;total=3240.60
Q0147,QUOTE,STD,2026-08-20,2026-09-02,nights=13;total=2176.60
Q0148,QUOTE,DLX,2026-08-25,2026-09-15,nights=21;total=5189.40
Q0149,QUOTE,SUI,2026-08-30,2026-09-01,nights=2;total=821.40
Q0150,QUOTE,STD,2026-09-04,2026-09-12,nights=8;total=1359.00
Q0151,QUOTE,DLX,2026-09-09,2026-09-22,nights=13;total=2417.40
Q0152,QUOTE,SUI,2026-09-14,2026-10-05,nights=21;total=6600.60
Q0153,QUOTE,STD,2026-09-19,2026-09-21,nights=2;total=261.40
Q0154,QUOTE,DLX,2026-09-24,2026-10-02,nights=8;total=1493.40
Q0155,QUOTE,SUI,2026-09-29,2026-10-12,nights=13;total=4091.80
Q0156,QUOTE,STD,2026-10-04,2026-10-25,nights=21;total=2602.20
Q0157,QUOTE,DLX,2026-10-09,2026-10-11,nights=2;total=384.60
Q0158,QUOTE,SUI,2026-10-14,2026-10-22,nights=8;total=2523.80
Q0159,QUOTE,STD,2026-10-19,2026-11-01,nights=13;total=1616.60
Q0160,QUOTE,DLX,2026-10-24,2026-11-14,nights=21;total=3895.80
Q0161,QUOTE,SUI,2026-10-29,2026-10-31,nights=2;total=642.20
Q0162,QUOTE,STD,2026-11-03,2026-11-11,nights=8;total=1000.60
Q0163,QUOTE,DLX,2026-11-08,2026-11-21,nights=13;total=2417.40
Q0164,QUOTE,SUI,2026-11-13,2026-12-04,nights=21;total=6600.60
Q0165,QUOTE,STD,2026-11-18,2026-11-20,nights=2;total=261.40
Q0166,QUOTE,DLX,2026-11-23,2026-12-01,nights=8;total=1493.40
Q0167,QUOTE,SUI,2026-11-28,2026-12-11,nights=13;total=4091.80
Q0168,QUOTE,STD,2026-12-03,2026-12-24,status=4xx
Q0169,QUOTE,DLX,2026-12-08,2026-12-10,nights=2;total=384.60
Q0170,QUOTE,SUI,2026-12-13,2026-12-21,status=4xx
Q0171,QUOTE,STD,2026-12-18,2026-12-31,status=4xx
Q0172,QUOTE,DLX,2026-12-23,2027-01-13,status=4xx
Q0173,QUOTE,SUI,2026-12-28,2026-12-30,nights=2;total=1179.80
Q0174,QUOTE,STD,2027-01-02,2027-01-10,status=4xx
Q0175,QUOTE,DLX,2027-01-07,2027-01-20,status=4xx
Q0176,QUOTE,SUI,2027-01-12,2027-02-02,status=4xx
Q0177,QUOTE,STD,2027-01-17,2027-01-19,status=4xx
Q0178,QUOTE,DLX,2027-01-22,2027-01-30,status=4xx
Q0179,QUOTE,SUI,2027-01-27,2027-02-09,status=4xx
Q0180,QUOTE,STD,2027-02-01,2027-02-22,status=4xx
Q0181,QUOTE,STD,2026-06-01,2026-06-02,nights=1;total=177.40
Q0182,QUOTE,DLX,2026-06-01,2026-06-02,nights=1;total=250.20
Q0183,QUOTE,SUI,2026-06-01,2026-06-02,nights=1;total=418.20
Q0184,QUOTE,STD,2026-06-01,2026-06-04,nights=3;total=502.20
Q0185,QUOTE,DLX,2026-06-01,2026-06-04,nights=3;total=720.60
Q0186,QUOTE,SUI,2026-06-01,2026-06-04,nights=3;total=1224.60
Q0187,QUOTE,STD,2026-06-01,2026-06-08,nights=7;total=1151.80
Q0188,QUOTE,DLX,2026-06-01,2026-06-08,nights=7;total=1661.40
Q0189,QUOTE,SUI,2026-06-01,2026-06-08,nights=7;total=2837.40
Q0190,QUOTE,STD,2026-05-31,2026-06-02,nights=2;total=278.20
Q0191,QUOTE,DLX,2026-05-31,2026-06-02,nights=2;total=407.00
Q0192,QUOTE,SUI,2026-05-31,2026-06-02,nights=2;total=687.00
Q0193,QUOTE,STD,2026-05-31,2026-06-04,nights=4;total=603.00
Q0194,QUOTE,DLX,2026-05-31,2026-06-04,nights=4;total=877.40
Q0195,QUOTE,SUI,2026-05-31,2026-06-04,nights=4;total=1493.40
Q0196,QUOTE,STD,2026-05-31,2026-06-08,nights=8;total=1252.60
Q0197,QUOTE,DLX,2026-05-31,2026-06-08,nights=8;total=1818.20
Q0198,QUOTE,SUI,2026-05-31,2026-06-08,nights=8;total=3106.20
Q0199,QUOTE,STD,2026-05-30,2026-06-02,nights=3;total=379.00
Q0200,QUOTE,DLX,2026-05-30,2026-06-02,nights=3;total=563.80
Q0201,QUOTE,SUI,2026-05-30,2026-06-02,nights=3;total=955.80
Q0202,QUOTE,STD,2026-05-30,2026-06-04,nights=5;total=703.80
Q0203,QUOTE,DLX,2026-05-30,2026-06-04,nights=5;total=1034.20
Q0204,QUOTE,SUI,2026-05-30,2026-06-04,nights=5;total=1762.20
Q0205,QUOTE,STD,2026-05-30,2026-06-08,nights=9;total=1353.40
Q0206,QUOTE,DLX,2026-05-30,2026-06-08,nights=9;total=1975.00
Q0207,QUOTE,SUI,2026-05-30,2026-06-08,nights=9;total=3375.00
Q0208,QUOTE,STD,2026-05-28,2026-06-02,nights=5;total=580.60
Q0209,QUOTE,DLX,2026-05-28,2026-06-02,nights=5;total=877.40
Q0210,QUOTE,SUI,2026-05-28,2026-06-02,nights=5;total=1493.40
Q0211,QUOTE,STD,2026-05-28,2026-06-04,nights=7;total=905.40
Q0212,QUOTE,DLX,2026-05-28,2026-06-04,nights=7;total=1347.80
Q0213,QUOTE,SUI,2026-05-28,2026-06-04,nights=7;total=2299.80
Q0214,QUOTE,STD,2026-05-28,2026-06-08,nights=11;total=1555.00
Q0215,QUOTE,DLX,2026-05-28,2026-06-08,nights=11;total=2288.60
Q0216,QUOTE,SUI,2026-05-28,2026-06-08,nights=11;total=3912.60
Q0217,QUOTE,STD,2026-09-01,2026-09-02,nights=1;total=227.80
Q0218,QUOTE,DLX,2026-09-01,2026-09-02,nights=1;total=334.20
Q0219,QUOTE,SUI,2026-09-01,2026-09-02,nights=1;total=541.40
Q0220,QUOTE,STD,2026-09-01,2026-09-04,nights=3;total=653.40
Q0221,QUOTE,DLX,2026-09-01,2026-09-04,nights=3;total=972.60
Q0222,QUOTE,SUI,2026-09-01,2026-09-04,nights=3;total=1594.20
Q0223,QUOTE,STD,2026-09-01,2026-09-08,nights=7;total=1504.60
Q0224,QUOTE,DLX,2026-09-01,2026-09-08,nights=7;total=2249.40
Q0225,QUOTE,SUI,2026-09-01,2026-09-08,nights=7;total=3699.80
Q0226,QUOTE,STD,2026-08-31,2026-09-02,nights=2;total=390.20
Q0227,QUOTE,DLX,2026-08-31,2026-09-02,nights=2;total=569.40
Q0228,QUOTE,SUI,2026-08-31,2026-09-02,nights=2;total=944.60
Q0229,QUOTE,STD,2026-08-31,2026-09-04,nights=4;total=815.80
Q0230,QUOTE,DLX,2026-08-31,2026-09-04,nights=4;total=1207.80
Q0231,QUOTE,SUI,2026-08-31,2026-09-04,nights=4;total=1997.40
Q0232,QUOTE,STD,2026-08-31,2026-09-08,nights=8;total=1667.00
Q0233,QUOTE,DLX,2026-08-31,2026-09-08,nights=8;total=2484.60
Q0234,QUOTE,SUI,2026-08-31,2026-09-08,nights=8;total=4103.00
Q0235,QUOTE,STD,2026-08-30,2026-09-02,nights=3;total=552.60
Q0236,QUOTE,DLX,2026-08-30,2026-09-02,nights=3;total=804.60
Q0237,QUOTE,SUI,2026-08-30,2026-09-02,nights=3;total=1347.80
Q0238,QUOTE,STD,2026-08-30,2026-09-04,nights=5;total=978.20
Q0239,QUOTE,DLX,2026-08-30,2026-09-04,nights=5;total=1443.00
Q0240,QUOTE,SUI,2026-08-30,2026-09-04,nights=5;total=2400.60
Q0241,QUOTE,STD,2026-08-30,2026-09-08,nights=9;total=1829.40
Q0242,QUOTE,DLX,2026-08-30,2026-09-08,nights=9;total=2719.80
Q0243,QUOTE,SUI,2026-08-30,2026-09-08,nights=9;total=4506.20
Q0244,QUOTE,STD,2026-08-28,2026-09-02,nights=5;total=877.40
Q0245,QUOTE,DLX,2026-08-28,2026-09-02,nights=5;total=1275.00
Q0246,QUOTE,SUI,2026-08-28,2026-09-02,nights=5;total=2154.20
Q0247,QUOTE,STD,2026-08-28,2026-09-04,nights=7;total=1303.00
Q0248,QUOTE,DLX,2026-08-28,2026-09-04,nights=7;total=1913.40
Q0249,QUOTE,SUI,2026-08-28,2026-09-04,nights=7;total=3207.00
Q0250,QUOTE,STD,2026-08-28,2026-09-08,nights=11;total=2154.20
Q0251,QUOTE,DLX,2026-08-28,2026-09-08,nights=11;total=3190.20
Q0252,QUOTE,SUI,2026-08-28,2026-09-08,nights=11;total=5312.60
Q0253,QUOTE,STD,2026-09-08,2026-09-09,nights=1;total=138.20
Q0254,QUOTE,DLX,2026-09-08,2026-09-09,nights=1;total=199.80
Q0255,QUOTE,SUI,2026-09-08,2026-09-09,nights=1;total=328.60
Q0256,QUOTE,STD,2026-09-08,2026-09-11,nights=3;total=384.60
Q0257,QUOTE,DLX,2026-09-08,2026-09-11,nights=3;total=569.40
Q0258,QUOTE,SUI,2026-09-08,2026-09-11,nights=3;total=955.80
Q0259,QUOTE,STD,2026-09-08,2026-09-15,nights=7;total=877.40
Q0260,QUOTE,DLX,2026-09-08,2026-09-15,nights=7;total=1308.60
Q0261,QUOTE,SUI,2026-09-08,2026-09-15,nights=7;total=2210.20
Q0262,QUOTE,STD,2026-09-07,2026-09-09,nights=2;total=351.00
Q0263,QUOTE,DLX,2026-09-07,2026-09-09,nights=2;total=519.00
Q0264,QUOTE,SUI,2026-09-07,2026-09-09,nights=2;total=855.00
Q0265,QUOTE,STD,2026-09-07,2026-09-11,nights=4;total=597.40
Q0266,QUOTE,DLX,2026-09-07,2026-09-11,nights=4;total=888.60
Q0267,QUOTE,SUI,2026-09-07,2026-09-11,nights=4;total=1482.20
Q0268,QUOTE,STD,2026-09-07,2026-09-15,nights=8;total=1090.20
Q0269,QUOTE,DLX,2026-09-07,2026-09-15,nights=8;total=1627.80
Q0270,QUOTE,SUI,2026-09-07,2026-09-15,nights=8;total=2736.60
Q0271,QUOTE,STD,2026-09-06,2026-09-09,nights=3;total=563.80
Q0272,QUOTE,DLX,2026-09-06,2026-09-09,nights=3;total=838.20
Q0273,QUOTE,SUI,2026-09-06,2026-09-09,nights=3;total=1381.40
Q0274,QUOTE,STD,2026-09-06,2026-09-11,nights=5;total=810.20
Q0275,QUOTE,DLX,2026-09-06,2026-09-11,nights=5;total=1207.80
Q0276,QUOTE,SUI,2026-09-06,2026-09-11,nights=5;total=2008.60
Q0277,QUOTE,STD,2026-09-06,2026-09-15,nights=9;total=1303.00
Q0278,QUOTE,DLX,2026-09-06,2026-09-15,nights=9;total=1947.00
Q0279,QUOTE,SUI,2026-09-06,2026-09-15,nights=9;total=3263.00
Q0280,QUOTE,STD,2026-09-04,2026-09-09,nights=5;total=989.40
Q0281,QUOTE,DLX,2026-09-04,2026-09-09,nights=5;total=1476.60
Q0282,QUOTE,SUI,2026-09-04,2026-09-09,nights=5;total=2434.20
Q0283,QUOTE,STD,2026-09-04,2026-09-11,nights=7;total=1235.80
Q0284,QUOTE,DLX,2026-09-04,2026-09-11,nights=7;total=1846.20
Q0285,QUOTE,SUI,2026-09-04,2026-09-11,nights=7;total=3061.40
Q0286,QUOTE,STD,2026-09-04,2026-09-15,nights=11;total=1728.60
Q0287,QUOTE,DLX,2026-09-04,2026-09-15,nights=11;total=2585.40
Q0288,QUOTE,SUI,2026-09-04,2026-09-15,nights=11;total=4315.80
Q0289,QUOTE,STD,2026-12-20,2026-12-21,status=4xx
Q0290,QUOTE,DLX,2026-12-20,2026-12-21,status=4xx
Q0291,QUOTE,SUI,2026-12-20,2026-12-21,status=4xx
Q0292,QUOTE,STD,2026-12-20,2026-12-23,status=4xx
Q0293,QUOTE,DLX,2026-12-20,2026-12-23,status=4xx
Q0294,QUOTE,SUI,2026-12-20,2026-12-23,status=4xx
Q0295,QUOTE,STD,2026-12-20,2026-12-27,status=4xx
Q0296,QUOTE,DLX,2026-12-20,2026-12-27,status=4xx
Q0297,QUOTE,SUI,2026-12-20,2026-12-27,status=4xx
Q0298,QUOTE,STD,2026-12-19,2026-12-21,status=4xx
Q0299,QUOTE,DLX,2026-12-19,2026-12-21,status=4xx
Q0300,QUOTE,SUI,2026-12-19,2026-12-21,status=4xx
Q0301,QUOTE,STD,2026-12-19,2026-12-23,status=4xx
Q0302,QUOTE,DLX,2026-12-19,2026-12-23,status=4xx
Q0303,QUOTE,SUI,2026-12-19,2026-12-23,status=4xx
Q0304,QUOTE,STD,2026-12-19,2026-12-27,status=4xx
Q0305,QUOTE,DLX,2026-12-19,2026-12-27,status=4xx
Q0306,QUOTE,SUI,2026-12-19,2026-12-27,status=4xx
Q0307,QUOTE,STD,2026-12-18,2026-12-21,status=4xx
Q0308,QUOTE,DLX,2026-12-18,2026-12-21,status=4xx
Q0309,QUOTE,SUI,2026-12-18,2026-12-21,status=4xx
Q0310,QUOTE,STD,2026-12-18,2026-12-23,status=4xx
Q0311,QUOTE,DLX,2026-12-18,2026-12-23,status=4xx
Q0312,QUOTE,SUI,2026-12-18,2026-12-23,status=4xx
Q0313,QUOTE,STD,2026-12-18,2026-12-27,status=4xx
Q0314,QUOTE,DLX,2026-12-18,2026-12-27,status=4xx
Q0315,QUOTE,SUI,2026-12-18,2026-12-27,status=4xx
Q0316,QUOTE,STD,2026-12-16,2026-12-21,status=4xx
Q0317,QUOTE,DLX,2026-12-16,2026-12-21,status=4xx
Q0318,QUOTE,SUI,2026-12-16,2026-12-21,status=4xx
Q0319,QUOTE,STD,2026-12-16,2026-12-23,status=4xx
Q0320,QUOTE,DLX,2026-12-16,2026-12-23,status=4xx
Q0321,QUOTE,SUI,2026-12-16,2026-12-23,status=4xx
Q0322,QUOTE,STD,2026-12-16,2026-12-27,status=4xx
Q0323,QUOTE,DLX,2026-12-16,2026-12-27,status=4xx
Q0324,QUOTE,SUI,2026-12-16,2026-12-27,status=4xx
Q0325,QUOTE,STD,2026-12-27,2026-12-28,nights=1;total=250.20
Q0326,QUOTE,DLX,2026-12-27,2026-12-28,nights=1;total=362.20
Q0327,QUOTE,SUI,2026-12-27,2026-12-28,nights=1;total=597.40
Q0328,QUOTE,STD,2026-12-27,2026-12-30,nights=3;total=720.60
Q0329,QUOTE,DLX,2026-12-27,2026-12-30,nights=3;total=1056.60
Q0330,QUOTE,SUI,2026-12-27,2026-12-30,nights=3;total=1762.20
Q0331,QUOTE,STD,2026-12-27,2027-01-03,nights=7;total=1661.40
Q0332,QUOTE,DLX,2026-12-27,2027-01-03,nights=7;total=2445.40
Q0333,QUOTE,SUI,2026-12-27,2027-01-03,nights=7;total=4091.80
Q0334,QUOTE,STD,2026-12-26,2026-12-28,status=4xx
Q0335,QUOTE,DLX,2026-12-26,2026-12-28,status=4xx
Q0336,QUOTE,SUI,2026-12-26,2026-12-28,status=4xx
Q0337,QUOTE,STD,2026-12-26,2026-12-30,status=4xx
Q0338,QUOTE,DLX,2026-12-26,2026-12-30,status=4xx
Q0339,QUOTE,SUI,2026-12-26,2026-12-30,status=4xx
Q0340,QUOTE,STD,2026-12-26,2027-01-03,status=4xx
Q0341,QUOTE,DLX,2026-12-26,2027-01-03,status=4xx
Q0342,QUOTE,SUI,2026-12-26,2027-01-03,status=4xx
Q0343,QUOTE,STD,2026-12-25,2026-12-28,status=4xx
Q0344,QUOTE,DLX,2026-12-25,2026-12-28,status=4xx
Q0345,QUOTE,SUI,2026-12-25,2026-12-28,status=4xx
Q0346,QUOTE,STD,2026-12-25,2026-12-30,status=4xx
Q0347,QUOTE,DLX,2026-12-25,2026-12-30,status=4xx
Q0348,QUOTE,SUI,2026-12-25,2026-12-30,status=4xx
Q0349,QUOTE,STD,2026-12-25,2027-01-03,status=4xx
Q0350,QUOTE,DLX,2026-12-25,2027-01-03,status=4xx
Q0351,QUOTE,SUI,2026-12-25,2027-01-03,status=4xx
Q0352,QUOTE,STD,2026-12-23,2026-12-28,status=4xx
Q0353,QUOTE,DLX,2026-12-23,2026-12-28,status=4xx
Q0354,QUOTE,SUI,2026-12-23,2026-12-28,status=4xx
Q0355,QUOTE,STD,2026-12-23,2026-12-30,status=4xx
Q0356,QUOTE,DLX,2026-12-23,2026-12-30,status=4xx
Q0357,QUOTE,SUI,2026-12-23,2026-12-30,status=4xx
Q0358,QUOTE,STD,2026-12-23,2027-01-03,status=4xx
Q0359,QUOTE,DLX,2026-12-23,2027-01-03,status=4xx
Q0360,QUOTE,SUI,2026-12-23,2027-01-03,status=4xx
Q0361,QUOTE,STD,2026-05-28,2026-09-12,nights=107;total=17341.40
Q0362,QUOTE,DLX,2026-05-28,2026-09-12,nights=107;total=25254.20
Q0363,QUOTE,SUI,2026-05-28,2026-09-12,nights=107;total=43123.80
Q0364,QUOTE,STD,2026-05-30,2026-09-10,nights=103;total=16893.40
Q0365,QUOTE,DLX,2026-05-30,2026-09-10,nights=103;total=24571.00
Q0366,QUOTE,SUI,2026-05-30,2026-09-10,nights=103;total=41959.00
Q0367,QUOTE,STD,2026-08-20,2026-09-20,nights=31;total=4931.80
Q0368,QUOTE,DLX,2026-08-20,2026-09-20,nights=31;total=7289.40
Q0369,QUOTE,SUI,2026-08-20,2026-09-20,nights=31;total=12301.40
Q0370,QUOTE,STD,2026-06-25,2026-09-05,nights=72;total=11909.40
Q0371,QUOTE,DLX,2026-06-25,2026-09-05,nights=72;total=17285.40
Q0372,QUOTE,SUI,2026-06-25,2026-09-05,nights=72;total=29538.20
Q0373,QUOTE,STD,2026-08-31,2026-09-09,nights=9;total=1790.20
Q0374,QUOTE,DLX,2026-08-31,2026-09-09,nights=9;total=2669.40
Q0375,QUOTE,SUI,2026-08-31,2026-09-09,nights=9;total=4416.60
Q0376,QUOTE,STD,2026-08-25,2026-09-01,nights=7;total=1151.80
Q0377,QUOTE,DLX,2026-08-25,2026-09-01,nights=7;total=1661.40
Q0378,QUOTE,SUI,2026-08-25,2026-09-01,nights=7;total=2837.40
Q0379,QUOTE,STD,2026-09-01,2026-09-05,nights=4;total=866.20
Q0380,QUOTE,DLX,2026-09-01,2026-09-05,nights=4;total=1291.80
Q0381,QUOTE,SUI,2026-09-01,2026-09-05,nights=4;total=2120.60
Q0382,QUOTE,STD,2026-09-08,2026-09-14,nights=6;total=754.20
Q0383,QUOTE,DLX,2026-09-08,2026-09-14,nights=6;total=1123.80
Q0384,QUOTE,SUI,2026-09-08,2026-09-14,nights=6;total=1896.60
Q0385,QUOTE,STD,2026-09-07,2026-09-09,nights=2;total=351.00
Q0386,QUOTE,DLX,2026-09-07,2026-09-09,nights=2;total=519.00
Q0387,QUOTE,SUI,2026-09-07,2026-09-09,nights=2;total=855.00
Q0388,QUOTE,DLX,2026-09-03,2026-08-28,status=4xx
Q0389,QUOTE,DLX,2026-08-28,2026-08-28,status=4xx
Q0390,QUOTE,DLX,2026-13-45,2026-09-03,status=4xx
Q0391,QUOTE,DLX,28-08-2026,2026-09-03,status=4xx
Q0392,QUOTE,DLX,2026-02-30,2026-03-04,status=4xx
Q0393,QUOTE,DLX,2026-01-01,2027-12-31,status=4xx
Q0394,QUOTE,XXX,2026-08-28,2026-09-03,status=4xx
Q0395,QUOTE,,2026-08-28,2026-09-03,status=4xx
P0513,PREVIEW,STD,2026-01-09,2026-01-12,nights=3;sum=270.00
P0514,PREVIEW,DLX,2026-01-17,2026-01-23,nights=6;sum=840.00
P0515,PREVIEW,SUI,2026-01-25,2026-02-04,nights=10;sum=2400.00
P0516,PREVIEW,STD,2026-02-02,2026-02-17,nights=15;sum=1350.00
P0517,PREVIEW,DLX,2026-02-10,2026-02-13,nights=3;sum=420.00
P0518,PREVIEW,SUI,2026-02-18,2026-02-24,nights=6;sum=1440.00
P0519,PREVIEW,STD,2026-02-26,2026-03-08,nights=10;sum=900.00
P0520,PREVIEW,DLX,2026-03-06,2026-03-21,nights=15;sum=2100.00
P0521,PREVIEW,SUI,2026-03-14,2026-03-17,nights=3;sum=720.00
P0522,PREVIEW,STD,2026-03-22,2026-03-28,nights=6;sum=540.00
P0523,PREVIEW,DLX,2026-03-30,2026-04-09,nights=10;sum=1400.00
P0524,PREVIEW,SUI,2026-04-07,2026-04-22,nights=15;sum=3600.00
P0525,PREVIEW,STD,2026-04-15,2026-04-18,nights=3;sum=270.00
P0526,PREVIEW,DLX,2026-04-23,2026-04-29,nights=6;sum=840.00
P0527,PREVIEW,SUI,2026-05-01,2026-05-11,nights=10;sum=2400.00
P0528,PREVIEW,STD,2026-05-09,2026-05-24,nights=15;sum=1350.00
P0529,PREVIEW,DLX,2026-05-17,2026-05-20,nights=3;sum=420.00
P0530,PREVIEW,SUI,2026-05-25,2026-05-31,nights=6;sum=1440.00
P0531,PREVIEW,STD,2026-06-02,2026-06-12,nights=10;sum=1450.00
P0532,PREVIEW,DLX,2026-06-10,2026-06-25,nights=15;sum=3150.00
P0533,PREVIEW,SUI,2026-06-18,2026-06-21,nights=3;sum=1080.00
P0534,PREVIEW,STD,2026-06-26,2026-07-02,nights=6;sum=870.00
P0535,PREVIEW,DLX,2026-07-04,2026-07-14,nights=10;sum=2100.00
P0536,PREVIEW,SUI,2026-07-12,2026-07-27,nights=15;sum=5400.00
P0537,PREVIEW,STD,2026-07-20,2026-07-23,nights=3;sum=435.00
P0538,PREVIEW,DLX,2026-07-28,2026-08-03,nights=6;sum=1260.00
P0539,PREVIEW,SUI,2026-08-05,2026-08-15,nights=10;sum=3600.00
P0540,PREVIEW,STD,2026-08-13,2026-08-28,nights=15;sum=2175.00
P0541,PREVIEW,DLX,2026-08-21,2026-08-24,nights=3;sum=630.00
P0542,PREVIEW,SUI,2026-08-29,2026-09-04,nights=6;sum=2490.00
P0543,PREVIEW,STD,2026-09-06,2026-09-16,nights=10;sum=1260.00
P0544,PREVIEW,DLX,2026-09-14,2026-09-29,nights=15;sum=2475.00
P0545,PREVIEW,SUI,2026-09-22,2026-09-25,nights=3;sum=840.00
P0546,PREVIEW,STD,2026-09-30,2026-10-06,nights=6;sum=660.00
P0547,PREVIEW,DLX,2026-10-08,2026-10-18,nights=10;sum=1650.00
P0548,PREVIEW,SUI,2026-10-16,2026-10-31,nights=15;sum=4200.00
P0549,PREVIEW,STD,2026-10-24,2026-10-27,nights=3;sum=330.00
P0550,PREVIEW,DLX,2026-11-01,2026-11-07,nights=6;sum=990.00
P0551,PREVIEW,SUI,2026-11-09,2026-11-19,nights=10;sum=2800.00
P0552,PREVIEW,STD,2026-11-17,2026-12-02,nights=15;sum=1650.00
P0553,PREVIEW,DLX,2026-11-25,2026-11-28,nights=3;sum=495.00
P0554,PREVIEW,SUI,2026-12-03,2026-12-09,nights=6;sum=1680.00
P0555,PREVIEW,STD,2026-12-11,2026-12-21,status=4xx
P0556,PREVIEW,DLX,2026-12-19,2027-01-03,status=4xx
P0557,PREVIEW,SUI,2026-12-27,2026-12-30,nights=3;sum=1560.00
P0558,PREVIEW,STD,2026-08-29,2026-09-04,nights=6;sum=1005.00
P0559,PREVIEW,DLX,2026-08-29,2026-09-04,nights=6;sum=1485.00
P0560,PREVIEW,SUI,2026-08-29,2026-09-04,nights=6;sum=2490.00
P0561,PREVIEW,STD,2026-09-06,2026-09-11,nights=5;sum=710.00
P0562,PREVIEW,DLX,2026-09-06,2026-09-11,nights=5;sum=1065.00
P0563,PREVIEW,SUI,2026-09-06,2026-09-11,nights=5;sum=1780.00
P0564,PREVIEW,STD,2026-05-29,2026-06-04,nights=6;sum=705.00
P0565,PREVIEW,DLX,2026-05-29,2026-06-04,nights=6;sum=1050.00
P0566,PREVIEW,SUI,2026-05-29,2026-06-04,nights=6;sum=1800.00
P0567,PREVIEW,STD,2026-12-18,2026-12-23,status=4xx
P0568,PREVIEW,DLX,2026-12-18,2026-12-23,status=4xx
P0569,PREVIEW,SUI,2026-12-18,2026-12-23,status=4xx
P0570,PREVIEW,STD,2026-12-25,2026-12-30,status=4xx
P0571,PREVIEW,DLX,2026-12-25,2026-12-30,status=4xx
P0572,PREVIEW,SUI,2026-12-25,2026-12-30,status=4xx
A0396,AVAIL,STD,2026-01-04,2026-01-06,available=6;total=216.60
A0397,AVAIL,DLX,2026-01-10,2026-01-13,available=4;total=485.40
A0398,AVAIL,SUI,2026-01-16,2026-01-20,available=2;total=1090.20
A0399,AVAIL,STD,2026-01-22,2026-01-29,available=6;total=720.60
A0400,AVAIL,DLX,2026-01-28,2026-01-30,available=4;total=328.60
A0401,AVAIL,SUI,2026-02-03,2026-02-06,available=2;total=821.40
A0402,AVAIL,STD,2026-02-09,2026-02-13,available=6;total=418.20
A0403,AVAIL,DLX,2026-02-15,2026-02-22,available=4;total=1112.60
A0404,AVAIL,SUI,2026-02-21,2026-02-23,available=2;total=552.60
A0405,AVAIL,STD,2026-02-27,2026-03-02,available=6;total=317.40
A0406,AVAIL,DLX,2026-03-05,2026-03-09,available=4;total=642.20
A0407,AVAIL,SUI,2026-03-11,2026-03-18,available=2;total=1896.60
A0408,AVAIL,STD,2026-03-17,2026-03-19,available=6;total=216.60
A0409,AVAIL,DLX,2026-03-23,2026-03-26,available=4;total=485.40
A0410,AVAIL,SUI,2026-03-29,2026-04-02,available=2;total=1090.20
A0411,AVAIL,STD,2026-04-04,2026-04-11,available=6;total=720.60
A0412,AVAIL,DLX,2026-04-10,2026-04-12,available=4;total=328.60
A0413,AVAIL,SUI,2026-04-16,2026-04-19,available=2;total=821.40
A0414,AVAIL,STD,2026-04-22,2026-04-26,available=6;total=418.20
A0415,AVAIL,DLX,2026-04-28,2026-05-05,available=4;total=1112.60
A0416,AVAIL,SUI,2026-05-04,2026-05-06,available=2;total=552.60
A0417,AVAIL,STD,2026-05-10,2026-05-13,available=6;total=317.40
A0418,AVAIL,DLX,2026-05-16,2026-05-20,available=4;total=642.20
A0419,AVAIL,SUI,2026-05-22,2026-05-29,available=2;total=1896.60
A0420,AVAIL,STD,2026-05-28,2026-05-30,available=5;total=216.60
A0421,AVAIL,DLX,2026-06-03,2026-06-06,available=4;total=720.60
A0422,AVAIL,SUI,2026-06-09,2026-06-13,available=2;total=1627.80
A0423,AVAIL,STD,2026-06-15,2026-06-22,available=5;total=1151.80
A0424,AVAIL,DLX,2026-06-21,2026-06-23,available=4;total=485.40
A0425,AVAIL,SUI,2026-06-27,2026-06-30,available=2;total=1224.60
A0426,AVAIL,STD,2026-07-03,2026-07-07,available=5;total=664.60
A0427,AVAIL,DLX,2026-07-09,2026-07-16,available=3;total=1661.40
A0428,AVAIL,SUI,2026-07-15,2026-07-17,available=2;total=821.40
A0429,AVAIL,STD,2026-07-21,2026-07-24,available=5;total=502.20
A0430,AVAIL,DLX,2026-07-27,2026-07-31,available=4;total=955.80
A0431,AVAIL,SUI,2026-08-02,2026-08-09,available=2;total=2837.40
A0432,AVAIL,STD,2026-08-08,2026-08-10,available=5;total=339.80
A0433,AVAIL,DLX,2026-08-14,2026-08-17,available=4;total=720.60
A0434,AVAIL,SUI,2026-08-20,2026-08-24,available=2;total=1627.80
A0435,AVAIL,STD,2026-08-26,2026-09-02,available=5;total=1202.20
A0436,AVAIL,DLX,2026-09-01,2026-09-03,available=2;total=653.40
A0437,AVAIL,SUI,2026-09-07,2026-09-10,available=2;total=1168.60
A0438,AVAIL,STD,2026-09-13,2026-09-17,available=6;total=507.80
A0439,AVAIL,DLX,2026-09-19,2026-09-26,available=4;total=1308.60
A0440,AVAIL,SUI,2026-09-25,2026-09-27,available=2;total=642.20
A0441,AVAIL,STD,2026-10-01,2026-10-04,available=6;total=384.60
A0442,AVAIL,DLX,2026-10-07,2026-10-11,available=4;total=754.20
A0443,AVAIL,SUI,2026-10-13,2026-10-20,available=2;total=2210.20
A0444,AVAIL,STD,2026-10-19,2026-10-21,available=6;total=261.40
A0445,AVAIL,DLX,2026-10-25,2026-10-28,available=4;total=569.40
A0446,AVAIL,SUI,2026-10-31,2026-11-04,available=2;total=1269.40
A0447,AVAIL,STD,2026-11-06,2026-11-13,available=0;total=877.40
A0448,AVAIL,DLX,2026-11-12,2026-11-14,available=4;total=384.60
A0449,AVAIL,SUI,2026-11-18,2026-11-21,available=2;total=955.80
A0450,AVAIL,STD,2026-11-24,2026-11-28,available=6;total=507.80
A0451,AVAIL,DLX,2026-11-30,2026-12-07,available=4;total=1308.60
A0452,AVAIL,SUI,2026-12-06,2026-12-08,available=1;total=642.20
A0453,AVAIL,STD,2026-12-12,2026-12-15,available=6;total=384.60
A0454,AVAIL,DLX,2026-12-18,2026-12-22,status=4xx
A0455,AVAIL,SUI,2026-12-24,2026-12-31,status=4xx
A0456,AVAIL,STD,2026-11-10,2026-11-12,available=1;total=261.40
A0457,AVAIL,DLX,2026-11-10,2026-11-12,available=4;total=384.60
A0458,AVAIL,SUI,2026-11-10,2026-11-12,available=2;total=642.20
A0459,AVAIL,STD,2026-11-10,2026-11-11,available=2;total=138.20
A0460,AVAIL,DLX,2026-11-10,2026-11-11,available=4;total=199.80
A0461,AVAIL,SUI,2026-11-10,2026-11-11,available=2;total=328.60
A0462,AVAIL,STD,2026-11-10,2026-11-13,available=1;total=384.60
A0463,AVAIL,DLX,2026-11-10,2026-11-13,available=4;total=569.40
A0464,AVAIL,SUI,2026-11-10,2026-11-13,available=2;total=955.80
A0465,AVAIL,STD,2026-11-09,2026-11-11,available=1;total=261.40
A0466,AVAIL,DLX,2026-11-09,2026-11-11,available=4;total=384.60
A0467,AVAIL,SUI,2026-11-09,2026-11-11,available=2;total=642.20
A0468,AVAIL,STD,2026-11-08,2026-11-10,available=4;total=261.40
A0469,AVAIL,DLX,2026-11-08,2026-11-10,available=4;total=384.60
A0470,AVAIL,SUI,2026-11-08,2026-11-10,available=2;total=642.20
A0471,AVAIL,STD,2026-11-12,2026-11-15,available=3;total=384.60
A0472,AVAIL,DLX,2026-11-12,2026-11-15,available=4;total=569.40
A0473,AVAIL,SUI,2026-11-12,2026-11-15,available=2;total=955.80
A0474,AVAIL,STD,2026-11-13,2026-11-16,available=4;total=384.60
A0475,AVAIL,DLX,2026-11-13,2026-11-16,available=4;total=569.40
A0476,AVAIL,SUI,2026-11-13,2026-11-16,available=2;total=955.80
A0477,AVAIL,STD,2026-10-05,2026-10-09,available=6;total=507.80
A0478,AVAIL,DLX,2026-10-05,2026-10-09,available=4;total=754.20
A0479,AVAIL,SUI,2026-10-05,2026-10-09,available=1;total=1269.40
A0480,AVAIL,STD,2026-10-08,2026-10-11,available=6;total=384.60
A0481,AVAIL,DLX,2026-10-08,2026-10-11,available=4;total=569.40
A0482,AVAIL,SUI,2026-10-08,2026-10-11,available=1;total=955.80
A0483,AVAIL,STD,2026-10-09,2026-10-12,available=6;total=384.60
A0484,AVAIL,DLX,2026-10-09,2026-10-12,available=4;total=569.40
A0485,AVAIL,SUI,2026-10-09,2026-10-12,available=2;total=955.80
A0486,AVAIL,STD,2026-10-14,2026-10-18,available=6;total=507.80
A0487,AVAIL,DLX,2026-10-14,2026-10-18,available=1;total=754.20
A0488,AVAIL,SUI,2026-10-14,2026-10-18,available=2;total=1269.40
A0489,AVAIL,STD,2026-10-18,2026-10-21,available=6;total=384.60
A0490,AVAIL,DLX,2026-10-18,2026-10-21,available=3;total=569.40
A0491,AVAIL,SUI,2026-10-18,2026-10-21,available=2;total=955.80
A0492,AVAIL,STD,2026-12-05,2026-12-08,available=6;total=384.60
A0493,AVAIL,DLX,2026-12-05,2026-12-08,available=4;total=569.40
A0494,AVAIL,SUI,2026-12-05,2026-12-08,available=1;total=955.80
A0495,AVAIL,STD,2026-12-09,2026-12-12,available=6;total=384.60
A0496,AVAIL,DLX,2026-12-09,2026-12-12,available=4;total=569.40
A0497,AVAIL,SUI,2026-12-09,2026-12-12,available=2;total=955.80
A0498,AVAIL,STD,2026-06-24,2026-06-27,available=5;total=502.20
A0499,AVAIL,DLX,2026-06-24,2026-06-27,available=4;total=720.60
A0500,AVAIL,SUI,2026-06-24,2026-06-27,available=2;total=1224.60
A0501,AVAIL,STD,2026-03-06,2026-03-09,available=6;total=317.40
A0502,AVAIL,DLX,2026-03-06,2026-03-09,available=4;total=485.40
A0503,AVAIL,SUI,2026-03-06,2026-03-09,available=2;total=821.40
A0504,AVAIL,STD,2026-07-15,2026-07-18,available=5;total=502.20
A0505,AVAIL,DLX,2026-07-15,2026-07-18,available=4;total=720.60
A0506,AVAIL,SUI,2026-07-15,2026-07-18,available=2;total=1224.60
A0507,AVAIL,STD,2026-08-28,2026-09-03,available=5;total=1090.20
A0508,AVAIL,DLX,2026-08-28,2026-09-03,available=2;total=1594.20
A0509,AVAIL,SUI,2026-08-28,2026-09-03,available=2;total=2680.60
A0510,AVAIL,STD,2026-09-03,2026-09-06,available=5;total=653.40
A0511,AVAIL,DLX,2026-09-03,2026-09-06,available=3;total=972.60
A0512,AVAIL,SUI,2026-09-03,2026-09-06,available=2;total=1594.20
F0573,FORECAST,-,2026-08-27,2026-09-04,nights=8;peak=3;sum=17
F0574,FORECAST,-,2026-11-07,2026-11-16,nights=9;peak=4;sum=17
F0575,FORECAST,-,2026-10-04,2026-10-20,nights=16;peak=3;sum=16
F0576,FORECAST,-,2026-06-19,2026-06-26,nights=7;peak=2;sum=11
F0577,FORECAST,-,2026-09-06,2026-09-14,nights=8;peak=1;sum=6
F0578,FORECAST,-,2026-12-01,2026-12-10,nights=9;peak=2;sum=11
F0579,FORECAST,-,2026-07-09,2026-07-16,nights=7;peak=2;sum=12
F0580,FORECAST,-,2026-03-01,2026-03-08,nights=7;peak=1;sum=4
E0593,EXTEND,RES-11150,2026-12-02,2026-12-07,status=2xx
E0594,EXTEND,RES-11150,2026-12-02,2026-12-04,status=2xx
E0595,EXTEND,RES-10877,2026-06-20,2026-06-26,status=2xx
E0596,EXTEND,RES-10861,2026-03-02,2026-03-09,status=2xx
C0581,CREATE,STD,2026-11-10,2026-11-12,available=1;create=status=2xx
C0582,CREATE,STD,2026-11-10,2026-11-11,available=1;create=status=2xx
C0583,CREATE,SUI,2026-10-08,2026-10-11,available=1;create=status=2xx
C0584,CREATE,DLX,2026-10-18,2026-10-21,available=3;create=status=2xx
C0585,CREATE,DLX,2026-09-05,2026-09-09,available=4;create=status=2xx
C0586,CREATE,SUI,2026-04-06,2026-04-09,available=2;create=status=2xx
C0587,CREATE,STD,2026-02-03,2026-02-06,available=6;create=status=2xx
C0588,CREATE,DLX,2026-12-19,2026-12-22,available=error;create=status=4xx
C0589,CREATE,SUI,2026-05-11,2026-05-14,available=2;create=status=2xx
C0590,CREATE_GUESTS,STD,2026-04-20,2026-04-23,status=4xx
C0591,CREATE_GUESTS,DLX,2026-04-20,2026-04-23,status=4xx
C0592,CREATE_LONG,STD,2026-01-05,2027-01-05,status=4xx
